NAME,room type,price,review rate,house_rule,city,latitude,longitude
1012하우스 남산,게스트하우스,0,5,,서울 중구,37.5576281,126.984068
24게스트하우스 서울역점,게스트하우스,0,5,,서울 용산구,37.5527099,126.9747177
24게스트하우스 잠실점,게스트하우스,0,3.7,,서울 송파구,37.5020382,127.088663
24게스트하우스 동대문시장점,게스트하우스,0,3.3,"예약가능,와이파이",서울 종로구,37.5660169,126.9808193
투유원룸호스텔,"고시원,고시텔",0,5,,서울 중구,37.5686601,126.9982154
사월호텔,"여관,모텔",0,4.4,"주차가능,배달가능,와이파이",서울 강남구,37.5018974,127.0421303
비마이게스트하우스,게스트하우스,0,4,,서울 중구,37.5584486,126.9838608
세븐일레븐 숭인IBC호텔점,편의점,0,3.5,,서울 종로구,37.5719612,127.0233559
JW 메리어트 동대문 스퀘어 서울,호텔,0,3.7,예약가능,서울 종로구,37.5703683,127.0088222
JW 메리어트 호텔 서울,호텔,0,4.1,"주차가능,휠체어사용,예약가능,와이파이",서울 서초구,37.5041078,127.0040297
L7 홍대바이롯데,호텔,0,3.7,"주차가능,휠체어사용,예약가능,와이파이",서울 마포구,37.5540161,126.919782
MK리버티하우스 서울역본점,게스트하우스,0,3.3,예약가능,서울 용산구,37.554709,126.9684376
MW호텔,"여관,모텔",0,1,,서울 송파구,37.5072462,127.0844294
호텔엔유 종합운동장점,"여관,모텔",0,2.3,,서울 송파구,37.5083623,127.081665
부띠크 호텔SB,"여관,모텔",0,1.4,"주차가능,휠체어사용",서울 영등포구,37.5175164,126.9084851
홈스위트홈 잠실점,생활용품점,0,1,주차가능,서울 송파구,37.5283606,126.9057287
와이즈하우스,게스트하우스,0,4.5,,서울 마포구,37.5598873,126.9254959
써클호텔 합정점,게스트하우스,0,3.3,,서울 마포구,37.5590594,126.9210272
가락관광호텔,호텔,0,2.6,주차가능,서울 마포구,37.5524559,126.9195565
강남아르누보씨티,호텔,0,2.9,,서울 송파구,37.4945055,127.1204267
강남패밀리호텔,호텔,0,5,,서울 서초구,37.4934031,127.0281179
호텔갤럭시,호텔,0,3.8,,서울 강남구,37.5136217,127.056755
게스트하우스 몽자,"여관,모텔",0,5,,서울 영등포구,37.5286707,126.9079258
게스트하우스강남,게스트하우스,0,3.9,,서울 용산구,37.531993,126.9957181
골든서울호텔,게스트하우스,0,3.7,,서울 강남구,37.5263529,127.0306863
골든호텔,호텔,0,3.3,,서울 강서구,37.5478537,126.8781777
국제청소년센터 유스호스텔,"여관,모텔",0,4.8,,서울 강서구,37.5600285,126.8300028
그랜드워커힐서울,유스호스텔,0,4.3,,서울 강서구,37.5687737,126.8116963
그랜드인터컨티넨탈 서울파르나스,호텔,0,4.2,"주차가능,휠체어사용,예약가능,와이파이",서울 광진구,37.5553271,127.1101533
그랜드 하얏트 서울,호텔,0,3.9,"주차가능,휠체어사용,예약가능",서울 강남구,37.5090726,127.0607194
그린파크모텔,호텔,0,2.7,,서울 용산구,37.5394909,126.997681
나루하우스,"여관,모텔",0,2.5,,서울 서대문구,37.5728887,127.0167961
나무호텔,게스트하우스,0,4.1,"주차가능,예약가능,와이파이",서울 마포구,37.5518796,126.9180092
나비호스텔,호텔,0,4.3,,서울 광진구,37.5470766,127.1070849
나이아가라호텔 정문,숙박,0,3.4,,서울 마포구,37.5579912,126.9247562
나인브릭호텔 주차장,입출구,0,4.4,,,37.5477666,126.879678
나인트리 프리미어 로카우스 호텔 서울 용산,주차장,0,4.5,"주차가능,휠체어사용,예약가능,포장가능,배달가능,와이파이",서울 마포구,37.5535928,126.9206167
나인트리 바이 파르나스 서울 동대문,호텔,0,4.1,"예약가능,와이파이",서울 용산구,37.5297072,126.9669297
나인트리바이파르나스 서울명동1,호텔,0,4,,서울 중구,37.5667347,127.0028485
낙원힐하우스,호텔,0,3.6,,서울 중구,37.5615126,126.9860783
남산하이드아웃,"빌라,주택",0,3.3,,서울 은평구,37.547649,126.9436612
남산게스트하우스,게스트하우스,0,3,,서울 중구,37.5581074,126.9847475
남현당,게스트하우스,0,4,"예약가능,와이파이",서울 중구,37.5580135,126.9845937
노보텔 앰배서더 서울 강남,게스트하우스,0,3.2,"주차가능,휠체어사용,예약가능,배달가능,흡연실,와이파이",서울 종로구,37.569237,126.987619
노보텔 앰배서더 서울 동대문 호텔 & 레지던스,호텔,0,3.8,,서울 강남구,37.5051522,127.028929
노스텔지어,호텔,0,4.4,"예약가능,와이파이",서울 중구,37.5660169,126.9808193
누하당,칵테일바,185000,3,,서울 서초구,37.5823259,126.9843457
뉴서울 호텔,게스트하우스,0,2.8,"휠체어사용,와이파이",서울 종로구,37.5786848,126.9689709
뉴천지호텔,호텔,0,5,주차가능,서울 중구,37.5679878,126.9781607
스웨터코리아,호텔,0,4.8,주차가능,서울 중구,37.565717,127.0035262
다산하우스,의류,0,3.5,,서울 노원구,37.5540848,126.9186078
다자연 한옥게스트하우스,게스트하우스,0,4.5,,서울 강서구,37.5591068,126.8111235
더플라자호텔 블랑제리,한옥숙소,0,3.6,포장가능,서울 종로구,37.5750258,126.9913709
더 리버사이드호텔,"제과,베이커리",0,2.9,"주차가능,휠체어사용,예약가능,와이파이",서울 중구,37.5646228,126.9780753
셀란,호텔,0,4.1,,서울 서초구,37.5185714,127.0180161
더캡슐 반포,양식,0,3.8,"예약가능,와이파이",서울 동대문구,37.5740734,127.0349161
호텔데님,호텔,0,3.4,,서울 서초구,37.5043003,127.0198336
두리하우스,호텔,0,4.6,,서울 강남구,37.4761134,127.0466724
둥글하우스,게스트하우스,0,2.1,,서울 마포구,37.5916765,127.037081
호텔드어반,게스트하우스,0,3,"주차가능,휠체어사용,예약가능,흡연실",서울 관악구,37.4769515,126.9657197
디비 하우스 A동,호텔,0,4.6,,서울 강서구,37.5296325,126.8471496
딜라이트호텔,"빌라,주택 동",0,3.2,주차가능,서울 동작구,37.6034806,126.9248913
라마다바이윈덤 서울동대문,호텔,0,3.5,,서울 송파구,37.5155822,127.1141604
라바호텔,호텔,0,2.8,,서울 중구,37.5681683,127.0021461
라이즈 오토그래프 컬렉션,"여관,모텔",0,4,"주차가능,휠체어사용,와이파이",서울 서초구,37.4862281,127.0134833
라이프스타일호텔,호텔,0,1.9,,서울 마포구,37.5542951,126.9212674
라자호텔,"여관,모텔",0,4.3,"주차가능,와이파이",서울 영등포구,37.5173637,126.9112823
레드버튼 강남점,"여관,모텔",0,3.9,"휠체어사용,흡연실,와이파이",서울 송파구,37.5155822,127.1141604
레스케이프호텔,보드카페,0,3.6,"주차가능,반려견동반,휠체어사용,예약가능,포장가능,와이파이",서울 강남구,37.5584119,126.984818
레인보우호텔,호텔,0,3.7,,서울 중구,37.5597397,126.9794267
렉스관광호텔,호텔,0,2.6,"주차가능,휠체어사용,예약가능,와이파이",서울 용산구,37.5404248,126.9720661
서울렉스호텔,호텔,0,3.3,주차가능,서울 강남구,37.5143622,127.0204912
로사나부띠끄호텔 뷔페,호텔,0,4.3,,서울 중구,37.5586621,126.9805931
로얄스퀘어호텔,한식뷔페,0,4.2,,서울 송파구,37.5048362,127.0971969
로얄호텔서울,호텔,0,4.1,주차가능,서울 강서구,37.5608281,126.8103747
롯데시티호텔 구로,호텔,0,4.3,"주차가능,예약가능,와이파이",서울 중구,37.5638349,126.9849971
롯데시티호텔 김포공항,호텔,0,4.2,"주차가능,예약가능,와이파이",서울 구로구,37.4845924,126.8963929
롯데시티호텔 마포,호텔,0,4,"주차가능,예약가능,와이파이",서울 강서구,37.5632147,126.8031098
롯데시티호텔 명동,호텔,0,4.1,"예약가능,와이파이",서울 마포구,37.544521,126.9507401
L7 강남바이롯데,호텔,0,4.1,"주차가능,휠체어사용,예약가능,와이파이",서울 중구,37.5651597,126.9808499
L7 명동바이롯데,호텔,0,4,"주차가능,휠체어사용,예약가능,와이파이",서울 강남구,37.5057026,127.0517173
롯데호텔 월드,호텔,0,3.9,"주차가능,예약가능,와이파이",서울 중구,37.5612297,126.9868853
롯데호텔 서울,호텔,0,4.3,"주차가능,예약가능",서울 송파구,37.5114987,127.0982387
르메르디앙 서울명동,호텔,0,3.9,,서울 중구,37.5652555,126.9806254
르아브르,호텔,0,2.5,,서울 중구,37.5612962,126.9832412
리버사이드게스트하우스,"여관,모텔",0,5,,서울 강서구,37.5528262,126.8539114
리제,게스트하우스,0,5,"주차가능,예약가능,와이파이",서울 광진구,37.536265,127.0647137
리치다이아몬드호텔,"두피,탈모관리",0,3.6,,서울 양천구,37.5639332,127.0098497
리치웰호텔,호텔,0,3.3,,서울 강북구,37.6364159,127.0172621
맹그로브 동대문,호텔,0,3.9,와이파이,서울 강남구,37.5043221,127.0401127
맹그로브 신설,숙박,0,3.7,,서울 중구,37.5574295,126.9761428
머큐어 앰배서더 서울 홍대,숙박,0,4.1,"주차가능,휠체어사용,예약가능,포장가능,배달가능,와이파이",서울 동대문구,37.5815205,127.0469248
메리어트 이그제큐티브아파트먼트 서울,호텔,0,3.2,,서울 마포구,37.5552548,126.9223997
메이플레이스 호텔 서울 동대문,호텔,0,3.5,,서울 영등포구,37.527274,126.9272604
메이필드호텔 서울,호텔,0,4.1,"주차가능,예약가능,놀이방",서울 종로구,37.57612,126.9988248
메트로호텔,호텔,0,4.2,,서울 강서구,37.5632859,126.8137674
모노홈스튜디오,호텔,0,4.2,"주차가능,휠체어사용,예약가능,와이파이",서울 중구,37.5651025,126.9836916
목시 서울 명동,공간대여,0,4,,서울 마포구,37.5568082,126.9299441
미담한옥게스트하우스,호텔,0,5,,서울 중구,37.5612962,126.9832412
바론드호텔,한옥숙소,0,2.5,,서울 종로구,37.5802628,126.9856262
반얀트리클럽앤스파서울,"여관,모텔",0,4.2,"주차가능,예약가능",서울 서대문구,37.557329,126.9387267
발리관광호텔,호텔,0,3,,서울 중구,37.5500945,127.0003194
베스트웨스턴프리미어 강남호텔,호텔,0,3.4,,서울 강동구,37.5332366,127.1224266
보라보라,호텔,0,5,,서울 강남구,37.5136217,127.056755
보보스모텔,유흥주점,0,2.6,"주차가능,예약가능",서울 용산구,37.5331704,126.9937452
보안스테이,"여관,모텔",0,3.7,,서울 영등포구,37.5241262,126.9086689
부티크호텔K 동대문점,게스트하우스,0,2.1,,서울 종로구,37.5781604,126.9739379
인우 한옥 게스트하우스,"여관,모텔",0,4,,서울 동대문구,37.5740734,127.0349161
북촌빈관by락고재,게스트하우스,0,4.9,,서울 종로구,37.5799385,126.9850315
브라운스위트호텔 신촌센트럴,한옥숙소,0,2,"주차가능,휠체어사용,예약가능,와이파이",서울 종로구,37.5823259,126.9843457
비바라비다,호텔,0,5,"예약가능,와이파이",서울 마포구,37.553735,126.9345735
비스타워커힐서울 피자힐,숙박,0,3.6,"예약가능,포장가능",서울 종로구,37.57552,127.0012401
빅존스플레이스,피자,0,1,,서울 광진구,37.5553271,127.1101533
사당이층집,게스트하우스,0,5,,서울 강남구,37.5040449,127.0252382
코리아게스트하우스,게스트하우스,88000,4.1,,서울 동작구,37.4819907,126.9765013
스테이인명동게스트하우스,게스트하우스,0,4,"예약가능,와이파이",서울 종로구,37.582034,126.982006
션샤인호텔서울 일마레,게스트하우스,0,3.6,예약가능,서울 중구,37.5603827,126.9873363
서울엔호스텔,이탈리안,0,3,,서울 강남구,37.521407,127.0336791
서울신라호텔,숙박,0,4.5,"주차가능,휠체어사용,예약가능,놀이방,와이파이",서울 중구,37.5651368,127.0022647
서울앤호텔 동대문,호텔,0,3.2,"주차가능,예약가능,와이파이",서울 중구,37.5571712,127.0077263
R게스트하우스,호텔,0,5,"예약가능,와이파이",서울 종로구,37.573587,127.0213125
서울올림픽파크텔,게스트하우스,0,3.8,"주차가능,예약가능",서울 용산구,37.5537809,126.9670969
서울큐브이화,호텔,0,3.5,,서울 송파구,37.5221984,127.1164983
서울프린스호텔,게스트하우스,0,4.4,,서울 마포구,37.5561113,126.9479916
서촌 영락재,호텔,0,4.3,"예약가능,흡연실,와이파이",서울 중구,37.5640616,127.0089762
석촌별채,한옥숙소,0,3.5,,서울 종로구,37.5805853,126.9668948
선음재,숙박,0,4.3,,서울 송파구,37.5121878,127.1120518
세연재,한옥숙소,0,3.6,,서울 종로구,37.5849769,126.9855348
세종호텔,숙박,0,1.8,"휠체어사용,예약가능,와이파이",서울 은평구,37.6403569,126.939427
센트럴호텔,호텔,0,1.6,주차가능,서울 중구,37.5614065,126.9880007
소담소담,호텔,0,4.3,"주차장없음,예약가능,포장가능",서울 종로구,37.5692172,126.9967142
소담스테이 미아점,샤브샤브,0,4.6,,서울 구로구,37.5909125,127.0091525
소라모텔,"고시원,고시텔",0,2,와이파이,서울 강북구,37.5473827,126.9577369
소테츠 프레사 인 서울 명동,"여관,모텔",0,4.8,,서울 서대문구,37.5564114,126.9398343
소테츠호텔즈 더 스프라지르 서울동대문,호텔,0,3.8,,서울 중구,37.5628575,126.9851914
소테츠 호텔즈 더 스프라지르 서울 명동,호텔,0,3.6,,서울 중구,37.5680753,127.0091046
소피텔 앰배서더 서울 호텔 & 서비스드 레지던스,호텔,0,4,"주차가능,휠체어사용,예약가능,와이파이",서울 중구,37.5619717,126.9788346
스위스그랜드호텔(구 그랜드힐튼호텔) 전기차충전소,호텔,0,4.1,,서울 송파구,37.5140396,127.1065213
마이스윗서울,전기차 충전소,0,4.2,"주차장없음,반려견동반,예약가능,포장가능,배달가능",서울 서대문구,37.5793101,126.9335731
스타리아호스텔,카페,0,5,,서울 성북구,37.5065277,127.0822373
스탠포드호텔 명동,게스트하우스,0,4.1,"휠체어사용,배달가능,와이파이",서울 중구,37.5584974,126.9861758
스테이256,호텔,0,5,,서울 중구,37.5820411,126.887077
스테이넉넉,게스트하우스,0,4,,서울 종로구,37.5830669,126.9809319
스페이스휴,펜션,0,3.6,,서울 동대문구,37.5772545,127.0268868
신영모텔,"빌라,주택",0,2.3,,서울 관악구,37.5063324,127.1218722
써미트호텔 로터스커피,"여관,모텔",0,4,"예약가능,포장가능",서울 영등포구,37.5183415,126.906708
CS에비뉴호텔,커피전문점,0,4.2,,서울 중구,37.5680753,127.0091046
CL호텔,호텔,0,2.6,,서울 은평구,37.5990939,126.9364056
아담한옥,"여관,모텔",0,4,,서울 강서구,37.5284315,126.8438911
호텔아르고,한옥숙소,0,2.6,,서울 종로구,37.5812218,126.9686876
아름다운황토집,"여관,모텔",0,5,,서울 강동구,37.5247975,127.1457171
아리랑힐호텔 동대문,게스트하우스,0,4.5,,서울 은평구,37.6259072,126.9211393
명동아리하우스,호텔,0,5,,서울 성북구,37.5935757,127.0165735
아만티호텔서울,게스트하우스,0,3.7,"주차가능,휠체어사용,와이파이",서울 중구,37.5605946,126.9864383
아모렉스관광호텔,호텔,0,1.9,,서울 마포구,37.567488,126.9095194
아임그린게스트하우스,호텔,0,5,,서울 성동구,37.5639159,127.0354744
안테룸 서울 주차장,게스트하우스,0,4.2,,서울 성북구,37.5923864,126.9930074
야코리아호스텔 강남점,주차장,0,4.1,,서울 강남구,37.5190242,127.026117
업플로 서초,숙박,0,5,,서울 강남구,37.5045345,127.0437906
SR 호텔 마곡,유스호스텔,0,2.9,주차가능,서울 서초구,37.4931569,127.0174599
H에비뉴호텔 건대점,호텔,0,2.6,,서울 강서구,37.561109,126.8394918
H에비뉴 성신여대점,호텔,0,3.9,,서울 광진구,37.5474021,127.0674375
엔트라호텔 테이블마운틴,호텔,0,1.3,,서울 성북구,37.5923769,127.0144504
연당,"스테이크,립",0,4,,서울 강남구,37.5240175,127.0484645
영빈호텔,골동품,0,3.3,주차가능,서울 동대문구,37.5826381,126.9872194
예포게스트하우스,호텔,0,4,,서울 중구,37.5617501,127.005708
오늘스테이,게스트하우스,0,3.5,,서울 서대문구,37.567299,126.9208983
오늘스테이 동대문점,민박,0,3,,서울 영등포구,37.5000278,126.9145897
오렌지큐브하우스,펜션,0,4.3,,서울 동대문구,37.5771284,127.0370118
오롯이한옥,게스트하우스,0,3.9,,서울 용산구,37.5546012,126.913746
오리엔스호텔&레지던스,한옥숙소,0,3.7,와이파이,서울 종로구,37.5800909,126.9681186
오월호텔,호텔,0,3.8,,서울 중구,37.5600616,126.9912064
오케이빌 게스트하우스,호텔,0,3.5,,서울 강남구,37.5010225,127.0417976
오크우드프리미어 코엑스센터,게스트하우스,0,3.7,"주차가능,예약가능",서울 종로구,37.5112404,126.9285068
와이즈하우스,호텔,0,3.9,,서울 강남구,37.5110213,127.0581061
욜로게스트하우스,게스트하우스,0,3.3,"예약가능,배달가능,와이파이",서울 마포구,37.5598873,126.9254959
웨스턴 코업호텔&레지던스,게스트하우스,0,4.1,,서울 마포구,37.5590594,126.9210272
웨스틴조선 서울,게스트하우스,0,4.2,"주차가능,예약가능",서울 중구,37.558999,126.985558
웰컴미스테익스하우스,호텔,0,5,"주차가능,예약가능,와이파이",서울 중구,37.5664239,127.0050439
위고인호스텔,호텔,0,4.8,"주차가능,휠체어사용,예약가능,와이파이",서울 중구,37.5650076,126.9796693
인휴당,한옥숙소,0,5,"예약가능,와이파이",서울 종로구,37.5917434,126.9632319
이브게스트하우스,유스호스텔,0,5,,서울 서대문구,,
이비스 스타일 앰배서더 서울 강남,숙박,0,3.5,"반려견동반,포장가능,배달가능,와이파이",서울 은평구,37.6413028,126.9391729
이비스 앰배서더 서울 명동,게스트하우스,0,3.8,"주차가능,휠체어사용,예약가능,와이파이",서울 중구,37.5584889,126.986296
이비스 앰배서더 서울 인사동,호텔,0,3.4,"주차가능,예약가능",서울 강남구,37.5027964,127.0587391
호텔이사벨,호텔,0,3,"주차가능,예약가능",서울 중구,37.5643473,126.9829236
이호소락,호텔,0,4,,서울 종로구,37.5742045,126.9885488
이화한옥 사직루,호텔,0,2.4,,서울 금천구,37.4748185,126.8938093
인게스트하우스,게스트하우스,0,3.4,,서울 종로구,37.5802421,126.9818694
스파크플러스 코엑스점,한옥숙소,0,2.6,"예약가능,와이파이",서울 종로구,37.5799564,126.9686534
임피리얼팰리스 부티크호텔,게스트하우스,0,3,주차가능,서울 마포구,37.5602372,126.9070586
자이언트호텔,공유오피스,0,4.5,,서울 강남구,37.5128251,127.0572645
자자백팩커스,호텔,0,3.3,,서울 용산구,37.5352908,126.9982368
자함헌,호텔,0,5,와이파이,서울 강남구,37.5136217,127.056755
호텔상주,게스트하우스,0,3.3,,서울 중구,37.5588171,126.9864491
제리스플래닛호텔,공간대여,0,2.2,,서울 은평구,37.6431297,126.9393014
지유,"여관,모텔",0,2.8,,서울 송파구,37.5088303,127.0806179
청향재,호텔,0,3.9,,서울 강남구,37.4990496,127.0285218
고디바 광화문점,"구두,신발",0,2.6,포장가능,서울 종로구,37.5741704,127.0192111
카파쓰 관광호텔,게스트하우스,0,2.9,,서울 은평구,37.6416067,126.9401819
칼튼호텔,초콜릿,0,1.9,,서울 종로구,37.5287774,126.84585
캄스테이,호텔,0,3.4,,서울 강남구,37.5018974,127.0421303
캘리포니아관광호텔,"여관,모텔",0,2.7,"주차가능,예약가능",서울 중랑구,37.5410653,126.8382476
케이팝호텔,숙박,0,2.9,,서울 중구,37.5084454,127.085308
코리아나호텔,호텔,0,3.2,예약가능,서울 송파구,37.4945055,127.1204267
코보스호텔,"여관,모텔",0,3.1,,서울 중구,37.5547727,126.9741041
코트야드바이메리어트 서울남대문,호텔,0,4.1,,서울 중구,37.5682306,126.9766528
코트야드 바이메리어트 서울타임스퀘어,호텔,0,4,"휠체어사용,예약가능",서울 영등포구,37.529655,126.9208594
콘래드 서울,호텔,0,3.7,와이파이,서울 중구,37.5611544,126.9770044
쿠즈호텔,호텔,0,4.7,"예약가능,와이파이",서울 영등포구,37.5174567,126.9038878
쿤하우스,호텔,0,3.3,,서울 영등포구,37.5253892,126.9266335
큐브게스트하우스,"여관,모텔",0,4.2,,서울 종로구,37.5770315,126.9897482
클래식고택,게스트하우스,0,5,,서울 용산구,37.553428,126.9755728
토요코인호텔 서울강남점,게스트하우스,0,4.2,,서울 용산구,37.535552,126.9921715
톰지호텔,숙박,0,2.9,,서울 종로구,37.5798212,126.9681258
트레블로지 동대문호텔,호텔,0,3.2,,서울 서초구,37.5188362,127.0186753
트레블로지 명동 시티홀 호텔,"여관,모텔",0,4,"휠체어사용,예약가능,와이파이",서울 송파구,37.515408,127.1146225
트리아관광호텔,호텔,0,3.6,,서울 중구,37.5553292,127.0096061
티롤관광호텔,호텔,0,3.9,,서울 중구,37.563036,126.9780453
파로스관광호텔,호텔,0,1.7,,서울 강남구,37.5032056,127.0390465
파크 하얏트 서울,호텔,0,4.4,"주차가능,예약가능",서울 서초구,37.5151391,127.0170606
파티오세븐,호텔,0,2.5,,서울 송파구,37.5083623,127.081665
퍼시픽호텔,호텔,0,4.2,"주차가능,예약가능,와이파이",서울 강남구,37.5086027,127.0641785
페어몬트 앰배서더 서울,호텔,0,4,"주차가능,휠체어사용,예약가능,와이파이",서울 강남구,37.5221386,127.0281592
포레스타호텔,호텔,0,3.6,"주차가능,예약가능,와이파이",서울 중구,37.5596756,126.9854296
포레스타호텔,호텔,0,3.6,"주차가능,예약가능,와이파이",서울 영등포구,37.5259638,126.9284184
포레스타호텔,호텔,0,3.6,"주차가능,예약가능,와이파이",서울 성동구,37.5098063,127.080863
미래에셋컨설팅 광화문미래에셋호텔,호텔,0,3.8,,서울 성동구,37.5626599,127.0345126
포포인츠 바이쉐라톤 서울구로,호텔,0,3.9,,서울 성동구,37.6079542,126.9239776
조선호텔 포포인츠바이쉐라톤 서울명동,호텔,0,4.3,놀이방,서울 성동구,37.5098063,127.080863
조선호텔 포포인츠바이쉐라톤 서울역,호텔,0,3.7,"휠체어사용,놀이방,흡연실,와이파이",서울 성동구,37.5626599,127.0345126
프레이저플레이스 남대문서울,호텔,0,3.5,,서울 성동구,37.6079542,126.9239776
프레이저플레이스 센트럴서울,호텔,0,3.8,,서울 성동구,37.5098063,127.080863
프레지던트호텔,호텔,0,3.6,주차가능,서울 성동구,37.5626599,127.0345126
펠리체,호텔,0,3.8,주차가능,서울 성동구,37.6079542,126.9239776
XYM프리미어호텔,호텔,0,3.5,,서울 성동구,37.5098063,127.080863
플랜에이호스텔,호텔,0,4.6,,서울 성동구,37.5626599,127.0345126
필스테이 이화부띠끄,호텔,0,4.5,,서울 성동구,37.6079542,126.9239776
하노크 북촌,호텔,0,3.7,,서울 성동구,37.5098063,127.080863
하얀모텔,호텔,0,4.3,,서울 성동구,37.5626599,127.0345126
하이서울유스호스텔,호텔,0,4.4,"주차가능,휠체어사용,예약가능,와이파이",서울 성동구,37.6079542,126.9239776
하이얀,호텔,0,4.3,,서울 성동구,37.5098063,127.080863
한미장펜션,호텔,0,4.6,"주차가능,예약가능,와이파이",서울 성동구,37.5626599,127.0345126
한스하우스,호텔,0,3,,서울 성동구,37.6079542,126.9239776
한옥게스트하우스동촌재,호텔,0,5,,서울 성동구,37.5098063,127.080863
한옥에세이 서촌,호텔,0,4,,서울 성동구,37.5626599,127.0345126
함경루,호텔,0,5,,서울 성동구,37.6079542,126.9239776
해밀톤호텔,호텔,0,4.4,예약가능,서울 성동구,37.5098063,127.080863
핸드픽트호텔,호텔,0,3.2,,서울 성동구,37.5626599,127.0345126
헤이마게스트하우스,호텔,0,4.6,,서울 성동구,37.6079542,126.9239776
호스텔하루,호텔,0,4.2,,서울 성동구,37.5098063,127.080863
호스텔하루,호텔,0,4.2,,서울 성동구,37.5626599,127.0345126
호텔 나루 서울 엠갤러리 앰배서더,호텔,0,4.2,,서울 성동구,37.6079542,126.9239776
호텔더디자이너스 종로점,부동산,0,3.9,,서울 종로구,37.5706548,126.9753742
호텔더디자이너스 청량리,호텔,0,2.9,"주차가능,휠체어사용,예약가능,포장가능,배달가능,와이파이",서울 구로구,37.4831594,126.8998387
호텔더캐슬 방이2호점,호텔,0,3.3,,서울 중구,,
레이크호텔,호텔,0,3.6,,서울 용산구,37.5506849,126.9726737
리베라호텔 청담,호텔,0,3.7,주차가능,서울 중구,37.5613772,126.9765197
호텔볼,호텔,0,3.9,,서울 중구,37.5569752,126.9726034
호텔삼정 제1주차장,호텔,0,3.6,,서울 중구,37.5652459,126.9909305
호텔스카이파크 센트럴명동점,이탈리안,0,2.6,"주차가능,휠체어사용,포장가능,배달가능,흡연실,와이파이",서울 서초구,37.4927615,127.0107048
호텔이채3,"여관,모텔",0,1,,서울 강남구,37.5006569,127.0387441
호텔카푸치노,유스호스텔,0,3.2,,서울 중구,37.5599621,127.0180821
더프리마호텔 종로점,게스트하우스,0,4.8,,서울 서대문구,37.5591659,126.9446652
GMS호텔,게스트하우스,0,3.6,"주차가능,휠체어사용,예약가능,와이파이",서울 종로구,37.583751,126.9841714
호텔PJ 명동,"여관,모텔",0,3.6,,서울 금천구,37.5693989,127.0698815
신촌호텔가을,유스호스텔,0,3.1,,서울 영등포구,37.5193138,126.901004
호텔국도,도시형생활주택,0,3.6,"주차가능,예약가능,와이파이",서울 성북구,37.5777643,127.0139794
호텔더디자이너스 동대문,펜션,0,2.6,,서울 강북구,37.6679856,127.0087575
호텔더디자이너스 서울역점,게스트하우스,0,3.6,,서울 종로구,37.5774641,126.9707029
호텔디아티스트 연신내점,한옥숙소,0,3.5,"주차가능,반려견동반,휠체어사용,예약가능,와이파이",서울 종로구,37.5798566,126.9696031
호텔디아티스트 연신내점,한옥숙소,0,3.5,"주차가능,반려견동반,휠체어사용,예약가능,와이파이",서울 종로구,37.5786168,126.9683592
호텔마누,한옥숙소,0,4.2,,서울 은평구,37.6413029,126.9388684
소설호텔,호텔,0,3.4,,서울 용산구,37.5348135,126.9937364
호텔스타,호텔,0,3.1,"주차가능,예약가능",서울 동작구,37.5051304,126.9407772
호텔스타프리미어 역삼,게스트하우스,0,2.1,,서울 마포구,37.5552731,126.9268144
호텔포코 성수,게스트하우스,0,3.6,"주차가능,반려견동반,예약가능,와이파이",서울 종로구,37.568925,126.9843489
호텔아르누보서초 주차장,게스트하우스,0,5,,서울 종로구,37.568925,126.9843489
BLVD 오라비지니스호텔,게스트하우스,0,3.1,,서울 종로구,37.568925,126.9843489
호텔유리앤,게스트하우스,0,3.4,,서울 종로구,37.568925,126.9843489
컬리넌호텔 구로,게스트하우스,0,3,,서울 종로구,37.568925,126.9843489
호텔컬리넌 역삼,게스트하우스,0,3.3,"주차가능,예약가능,와이파이",서울 종로구,37.568925,126.9843489
호텔컬리넌 왕십리,게스트하우스,0,2.2,,서울 종로구,37.568925,126.9843489
호텔케이월드,게스트하우스,0,3,"주차가능,예약가능,흡연실,와이파이",서울 종로구,37.568925,126.9843489
호텔크레센도 서울,호텔,0,3.4,,서울 마포구,37.5423405,126.9476288
호텔토마스 명동,호텔,0,3.9,,서울 종로구,37.5694143,126.9891127
호텔페이토 삼성,호텔,0,3.5,,서울 동대문구,37.5817246,127.0476563
호텔포코 성수,호텔,0,3.6,"주차가능,반려견동반,예약가능,와이파이",서울 송파구,37.5131296,127.1103527
홀리데이 인 익스프레스 서울 홍대,호텔,0,3.7,,서울 송파구,37.5106311,127.1064158
홍대스타일게스트하우스,호텔,0,5,,서울 강남구,37.5238998,127.0542114
화이트테일,"여관,모텔",0,5,,서울 강서구,37.528807,126.8463384
회랑정,주차장,0,4,,,37.5063608,127.0312266
